{"loss": [1.4152989387512207, 0.45999088883399963, 0.2841328978538513, 0.1928228735923767, 0.13932467997074127, 0.11649633944034576, 0.0894150584936142, 0.07739339768886566, 0.06553807854652405, 0.05814540758728981], "accuracy": [0.5842378735542297, 0.8544989228248596, 0.90720534324646, 0.9368376135826111, 0.9541218876838684, 0.9618038535118103, 0.9709367752075195, 0.9746496677398682, 0.9788747429847717, 0.9812931418418884], "val_loss": [0.5562454462051392, 0.3344222903251648, 0.22027142345905304, 0.1716589331626892, 0.1298963874578476, 0.12421997636556625, 0.19879402220249176, 0.12485029548406601, 0.15038730204105377, 0.1554381549358368], "val_accuracy": [0.822786271572113, 0.8904507160186768, 0.9291486740112305, 0.9466765522956848, 0.9581151604652405, 0.9627248048782349, 0.939847469329834, 0.9614728093147278, 0.9544160962104797, 0.952595055103302]}